CarrierCode,num_flights,stddev_delay,CarrierName
BA,960,2571.9047518130087,British Airways
AA,865,2576.9440684999854,American Airlines
LH,876,2578.65854262484,Lufthansa
EK,909,2611.494188644942,Emirates
QF,889,2612.1307649948612,Qantas
SQ,895,2614.446903543967,Singapore Airlines
DL,883,2638.6368626682297,Delta Airlines
SW,918,2639.1388211620865,Southwest Airlines
AF,935,2644.1313639390273,Air France
UA,870,2665.4285608731907,United Airlines
